year,month,violent_count,violent_change,murder_count,murder_change,rape_count,rape_change,robbery_count,robbery_change,assault_count,assault_change,property_count,property_change,burglary_count,burglary_change,theft_count,theft_change,motor_count,motor_change
2026,5,4185,10.4,26,23.8,170,-11,1180,9.8,2809,12.2,5632,0.2,903,2.3,3656,-2.9,1073,10.6
2026,4,3791,0.7,21,-12.5,191,-1,1075,5.3,2504,-0.9,5619,-2.3,883,-3.4,3766,-0.7,970,-7.4
2026,3,3766,20,24,33.3,193,14.9,1021,9.2,2528,25.3,5753,21.4,914,10,3792,21.8,1047,32
2026,2,3138,-6.7,18,12.5,168,-1.2,935,-7.4,2017,-7,4738,-10,831,-8.7,3114,-10.7,793,-8.1
2026,1,3365,-11.1,16,-40.7,170,-6.1,1010,-8.1,2169,-12.5,5262,-16,910,-22.2,3489,-14.9,863,-12.9
2025,12,3786,3,27,68.8,181,13.8,1099,-6.5,2479,6.7,6263,6.7,1170,22.6,4102,5.1,991,-2.1
2025,11,3674,-7.9,16,-15.8,159,-18.9,1175,-12.5,2324,-4.4,5869,-10.2,954,-16.4,3903,-8.7,1012,-9.3
2025,10,3989,-4.8,19,-24,196,24.1,1343,-1.3,2431,-8.1,6534,-4.4,1141,0.6,4277,-5.6,1116,-4.5
2025,9,4189,0.9,25,-24.2,158,-4.8,1361,-3.2,2645,3.9,6834,2.4,1134,12.3,4532,5.3,1168,-14.1
2025,8,4150,-4.7,33,13.8,166,-13.5,1406,-2.6,2545,-5.4,6673,-2.3,1010,-4.2,4304,-1.6,1359,-2.8
2025,7,4354,-1.5,29,-9.4,192,12.9,1443,2.5,2690,-4.3,6827,10.6,1054,11.9,4375,9.5,1398,13.4
2025,6,4422,1.9,32,45.5,170,-9.6,1408,-1,2812,3.9,6172,-4.1,942,-12.5,3997,-3.1,1233,-0.2
2025,5,4338,8.9,22,-29,188,11.9,1422,16.8,2706,5.4,6437,5.4,1076,2.4,4126,7.2,1235,2.4
2025,4,3984,6.6,31,63.2,168,7.7,1217,9.7,2568,4.6,6105,1.1,1051,-3.9,3848,-1.1,1206,14.2
2025,3,3739,17,19,-17.4,156,-1.3,1109,13,2455,20.8,6041,19.7,1094,12.6,3891,20.4,1056,25.4
2025,2,3195,-5.8,23,-20.7,158,0.6,981,-10.9,2033,-3.4,5045,-8.8,972,-17.6,3231,-6.3,842,-6.9
2025,1,3391,-4.5,29,20.8,157,10.6,1101,-4.8,2104,-5.7,5531,-0.1,1179,9.6,3448,-2.8,904,-0.9
2024,12,3552,-5.8,24,-31.4,142,-13.9,1156,-11.1,2230,-1.8,5536,-6.3,1076,29.8,3548,-9.6,912,-20.8
2024,11,3771,-7.9,35,12.9,165,-4.1,1301,-11.5,2270,-6.3,5907,-9.4,829,-25.8,3926,-4.8,1152,-9.9
2024,10,4096,-1.6,31,-6.1,172,-5,1470,7,2423,-5.9,6520,-1.6,1118,0.5,4124,-2.3,1278,-0.9
2024,9,4164,-1.5,33,65,181,40.3,1374,-7.5,2576,-0.7,6625,-4.8,1112,-6,4223,-2.9,1290,-9.7
2024,8,4228,-6.2,20,-60,129,-9.8,1486,-2.7,2593,-7,6960,1.1,1183,7.4,4349,-1.3,1428,3.7
2024,7,4509,-1.4,50,42.9,143,-20.1,1528,5.8,2788,-4.3,6885,9.4,1101,11.7,4407,8.6,1377,10
2024,6,4572,5,35,16.7,179,30.7,1444,-1.3,2914,6.9,6295,-2.7,986,-12.4,4057,-1.8,1252,2.9
2024,5,4355,12.4,30,25,137,6.2,1463,8.2,2725,15.1,6473,7.4,1126,7.6,4130,7.4,1217,7.1
2024,4,3873,0.8,24,-31.4,129,-13.4,1352,4.2,2368,0.3,6029,-4,1046,-20,3847,-2.6,1136,11.2
2024,3,3841,11.9,35,25,149,29.6,1297,3.8,2360,15.7,6280,10,1307,25,3951,6.7,1022,6.3
2024,2,3432,-7.4,28,-12.5,115,7.5,1249,-13,2040,-4.2,5710,-11.1,1046,-4.8,3703,-10.9,961,-17.8
2024,1,3705,-4,32,33.3,107,-15.7,1436,-8.4,2130,-0.6,6426,-3,1099,1.8,4158,-3,1169,-6.9
2023,12,3860,4.7,24,-20,127,13.4,1567,12.7,2142,-0.6,6624,3.3,1080,-1.8,4288,4.6,1256,3.5
2023,11,3687,-9.8,30,25,112,-6.7,1390,-10.8,2155,-9.7,6412,-7.1,1100,-4.8,4098,-6.2,1214,-11.8
2023,10,4089,2.7,24,-27.3,120,0.8,1558,7.7,2387,0.2,6899,3.2,1155,6.5,4368,4.6,1376,-3.6
2023,9,3981,-5.6,33,3.1,119,0.8,1446,-8.4,2383,-4.2,6685,-8.9,1084,-9.9,4174,-10,1427,-4.7
2023,8,4215,-5.1,32,-13.5,118,-5.6,1578,2.9,2487,-9.5,7341,4.9,1203,2.7,4640,7.1,1498,0.3
2023,7,4443,5.2,37,0,125,12.6,1533,5.7,2748,4.7,6995,2.7,1171,13.1,4331,-1.1,1493,6.6
2023,6,4222,6.2,37,0,111,-11.2,1450,5.9,2624,7.3,6813,-0.8,1035,-11.9,4377,0.9,1401,3.6
2023,5,3976,7.7,37,12.1,125,8.7,1369,10.4,2445,6.1,6865,6.6,1175,4.3,4338,7.4,1352,6
2023,4,3693,2.6,33,-8.3,115,-14.8,1240,-1.7,2305,6.3,6442,-1.7,1127,-7.2,4039,-3.3,1276,9.6
2023,3,3601,13,36,33.3,135,20.5,1261,8.4,2169,15.1,6555,12.9,1215,12.2,4176,15.8,1164,4.3
2023,2,3186,-12.4,27,-25,112,-15.8,1163,-13.9,1884,-11,5804,-12.5,1083,-18.5,3605,-11.6,1116,-8.8
2023,1,3635,5.5,36,0,133,19.8,1350,5.7,2116,4.6,6633,-2.1,1329,6.2,4080,-3.2,1224,-6.6
2022,12,3447,-8.1,36,16.1,111,-4.3,1277,-16.5,2023,-2.4,6778,2.3,1252,-1.9,4215,0,1311,15.5
2022,11,3749,-3,31,3.3,116,-23.2,1530,2.1,2072,-5.2,6628,-9.9,1276,-11.2,4217,-9.7,1135,-9.1
2022,10,3864,-2.7,30,-30.2,151,3.4,1498,-2.2,2185,-2.9,7355,1.3,1437,-1.2,4669,1.4,1249,3.9
2022,9,3970,-5.9,43,38.7,146,5.8,1531,-7.5,2250,-6.1,7262,-1.2,1455,4.2,4605,-3,1202,-0.2
2022,8,4220,-8.2,31,-39.2,138,-9.8,1656,-5.7,2395,-9.2,7349,1,1396,2.5,4748,2,1205,-4.4
2022,7,4598,7.4,51,59.4,153,9.3,1756,11.8,2638,3.9,7277,4.8,1362,4.3,4654,3.2,1261,11.4
2022,6,4281,4.3,32,-33.3,140,-12.5,1571,3.8,2538,6.6,6947,6.7,1306,1.6,4509,7.5,1132,9.5
2022,5,4103,16.4,48,41.2,160,52.4,1514,19.2,2381,12.5,6513,6.2,1286,2.7,4193,6.5,1034,10
2022,4,3526,0.6,34,-2.9,105,-19.8,1270,-0.1,2117,2.3,6130,-6,1252,-7.9,3938,-4.6,940,-8.9
2022,3,3506,9.4,35,-2.8,131,-7.1,1271,-2,2069,19.5,6521,6.4,1359,10.9,4130,7.8,1032,-3.8
2022,2,3206,-1,36,16.1,141,3.7,1297,2.2,1732,-3.8,6128,-5.7,1225,0.5,3830,-6.9,1073,-8
2022,1,3237,-5.7,31,-32.6,136,12.4,1269,-8.8,1801,-3.9,6497,-18.7,1219,-11,4112,-27.1,1166,18.7
2021,12,3434,-2.9,46,84,121,-4.7,1392,-2.3,1875,-4.3,7989,18.1,1369,4.6,5638,27.4,982,-4.7
2021,11,3536,-8.7,25,-40.5,127,5.8,1425,-3.1,1959,-12.5,6764,4.2,1309,2.5,4425,6.1,1030,-1.5
2021,10,3872,4.8,42,-17.6,120,-6.3,1470,13.7,2240,0.8,6492,9.5,1277,10.9,4169,10.4,1046,4.3
2021,9,3694,5.5,51,-13.6,128,-10.5,1293,9.8,2222,4.7,5930,6.9,1151,11.4,3776,7.6,1003,-0.3
2021,8,3503,-2.9,59,68.6,143,-4,1178,-7.1,2123,-1.6,5547,3.9,1033,-2.4,3508,6.8,1006,1.1
2021,7,3609,5.8,35,-7.9,149,8.8,1268,11.9,2157,2.6,5338,6.3,1058,11.3,3285,3.7,995,10.1
2021,6,3411,-0.1,38,-5,137,17.1,1133,-5.3,2103,2.1,5022,4.8,951,-2.7,3167,8.4,904,1
2021,5,3414,23.7,40,-20,117,1.7,1197,34,2060,21.1,4794,11.1,977,12.6,2922,8,895,20.6
2021,4,2759,0.9,50,31.6,115,-19,893,4.7,1701,-0.1,4315,-4.7,868,-8.7,2705,-7.4,742,12.8
2021,3,2735,18.4,38,31,142,44.9,853,4,1702,24.9,4530,31,951,15.4,2921,38.4,658,25.8
2021,2,2310,-12.6,29,-12.1,98,-1,820,-13.6,1363,-12.7,3457,-19.8,824,-26.1,2110,-17.9,523,-16.3
2021,1,2642,-8,33,3.1,99,1,949,-19.2,1561,-0.4,4311,-14.9,1115,-20.1,2571,-10.9,625,-20.4
2020,12,2873,-3.6,32,10.3,98,-21.6,1175,2.8,1568,-6.8,5066,-6.8,1396,3.9,2885,-8.8,785,-15.2
2020,11,2979,-9.5,29,-29.3,125,0,1143,-8.9,1682,-10.2,5435,-6.7,1344,-6,3165,-8.9,926,0.7
2020,10,3293,3.2,41,-30.5,125,-10.7,1254,4.9,1873,4.2,5824,-2.6,1430,8.2,3474,-5.5,920,-6.1
2020,9,3192,-11.5,59,1.7,140,4.5,1195,-8.3,1798,-14.9,5980,4.2,1322,-4.1,3678,12.1,980,-9.2
2020,8,3608,5.5,58,1.8,134,-11.8,1303,13.4,2113,2.5,5737,7.9,1378,1.8,3280,6.4,1079,22.3
2020,7,3420,7.8,57,32.6,152,27.7,1149,18.1,2062,1.2,5319,8.7,1353,-25.9,3084,30.3,882,25.8
2020,6,3173,21.4,43,16.2,119,14.4,973,20.4,2038,22.5,4893,22.5,1826,50.5,2366,12,701,4.9
2020,5,2613,30.1,37,-2.6,104,38.7,808,17.3,1664,38,3993,20.5,1213,5.4,2112,31.8,668,19.3
2020,4,2008,-25.7,38,52,75,-25,689,-27.7,1206,-25.7,3314,-21.1,1151,14.6,1603,-40.6,560,13.1
2020,3,2702,-5.6,25,13.6,100,-23.1,953,-21.5,1624,8.6,4199,-16.7,1004,0.7,2700,-24.2,495,2.3
2020,2,2862,-8.5,22,-18.5,130,-8.5,1214,-6.9,1496,-9.6,5041,-9.9,997,-15.9,3560,-7.1,484,-15.8
2020,1,3128,7.2,27,92.9,142,37.9,1304,5.6,1655,5.7,5592,5.2,1186,16.2,3831,0.6,575,19
2019,12,2918,-2.3,14,-39.1,103,-14.2,1235,4.8,1566,-6,5314,3,1021,10.1,3810,1.1,483,4.3
2019,11,2987,-10.1,23,-36.1,120,-23.1,1178,-14.8,1666,-4.7,5157,-8.6,927,-10.2,3767,-7.9,463,-11
2019,10,3323,-1.5,36,24.1,156,-7.7,1383,3.7,1748,-5.1,5640,4.7,1032,12.8,4088,5,520,-10
2019,9,3373,-1.2,29,-19.4,169,3.7,1334,8.2,1841,-7.2,5386,-4.4,915,-14.7,3893,-0.7,578,-9.4
2019,8,3415,-2,36,5.9,163,1.2,1233,2.8,1983,-5.1,5631,0.3,1073,7.9,3920,-2.8,638,8.7
2019,7,3485,5.9,34,13.3,161,14.2,1200,3.4,2090,6.6,5615,11.6,994,20.9,4034,7.7,587,27.1
2019,6,3291,2.5,30,57.9,141,-12.4,1160,7,1960,0.6,5031,3.3,822,-4.6,3747,3.7,462,17.6
2019,5,3212,17.4,19,-17.4,161,15,1084,18,1948,17.8,4869,9.4,862,3.9,3614,10.6,393,11.6
2019,4,2735,-0.3,23,9.5,140,-12.5,919,3,1653,-1.1,4451,5,830,10.7,3269,2.6,352,15.8
2019,3,2744,17,21,-16,160,23.1,892,0,1671,28.6,4239,8.4,750,-1.6,3185,12.1,304,-0.7
2019,2,2346,-9.9,25,-13.8,130,-18.2,892,-5.3,1299,-11.8,3909,-15.6,762,-18.2,2841,-15.6,306,-8.4
2019,1,2603,-10.8,29,45,159,17.8,942,-12.8,1473,-12.5,4630,-10.7,931,-7.8,3365,-11.4,334,-11.6
2018,12,2918,5.8,20,25,135,-6.9,1080,1.4,1683,9.8,5186,1.1,1010,7.3,3798,1.3,378,-13.9
2018,11,2759,-8.4,16,-11.1,145,-11.6,1065,-8.8,1533,-7.8,5130,-5.7,941,-11.3,3750,-3.6,439,-10
2018,10,3013,-2.2,18,-35.7,164,11.6,1168,0.8,1663,-4.8,5438,3.1,1061,2.8,3889,4.1,488,-3.9
2018,9,3081,-5.1,28,-3.4,147,-13,1159,1.3,1747,-8.3,5276,-7.5,1032,-6.4,3736,-6.2,508,-18.2
2018,8,3247,2.2,29,3.6,169,15,1144,3.2,1905,0.6,5706,1.5,1102,2.1,3983,0.8,621,5.3
2018,7,3176,0.2,28,-20,147,-3.9,1108,0.7,1893,0.6,5619,7.7,1079,14.7,3950,2.9,590,34.4
2018,6,3169,-5.6,35,0,153,-16.4,1100,-8,1881,-3.2,5219,3.6,941,1.1,3839,4.7,439,0.2
2018,5,3358,22.7,35,34.6,183,10.2,1196,29.9,1944,19.8,5037,8.5,931,-2.6,3668,11,438,14.4
2018,4,2736,1.4,26,18.2,166,7.1,921,-0.9,1623,1.9,4644,2.7,956,10.6,3305,1.2,383,-1.8
2018,3,2698,9.4,22,37.5,155,27,929,-1.6,1592,15,4520,3.8,864,0.8,3266,3.4,390,15.4
2018,2,2466,-12.9,16,-27.3,122,0.8,944,-18.1,1384,-10,4354,-10.4,857,-15.1,3159,-8,338,-18.4
2018,1,2832,-3,22,-21.4,121,-10.4,1152,-7.2,1537,1.4,4858,-6.4,1010,-1.8,3434,-7.4,414,-8.6
2017,12,2920,4,28,40,135,7.1,1241,4.3,1516,3,5189,-1.3,1028,-3.1,3708,-0.4,453,-4.6
2017,11,2808,-13.3,20,-31,126,-14.9,1190,-5.8,1472,-18.1,5259,-7.1,1061,-9.9,3723,-4.4,475,-19.1
2017,10,3238,5.3,29,20.8,148,19.4,1263,9.3,1798,1.6,5658,8.7,1177,15.7,3894,5.6,587,17.4
2017,9,3074,-5.4,24,41.2,124,-0.8,1156,-9.8,1770,-3,5203,-6.1,1017,-3.6,3686,-4.8,500,-19
2017,8,3248,-3.4,17,-55.3,125,-4.6,1281,3.1,1825,-6.5,5543,3.8,1055,1.2,3871,2.7,617,17.3
2017,7,3363,4.8,38,65.2,131,-3,1242,4.3,1952,5,5339,6.2,1043,11.7,3770,3.9,526,13.4
2017,6,3208,1.5,23,-11.5,135,8.9,1191,1.2,1859,1.3,5028,0.2,934,-5,3630,0.7,464,7.2
2017,5,3162,14.6,26,23.8,124,4.2,1177,11.8,1835,17.3,5019,5.8,983,6.3,3603,4.1,433,21.3
2017,4,2758,2.6,21,5,119,5.3,1053,8.2,1565,-1.1,4744,0.3,925,-1,3462,1.6,357,-8
2017,3,2689,9.4,20,-9.1,113,32.9,973,-1.4,1583,16.1,4730,8.9,934,4.1,3408,11.8,388,-2.5
2017,2,2458,-18.8,22,-8.3,85,-24.1,987,-20.8,1364,-17.1,4344,-15.5,897,-18.2,3049,-14.8,398,-13.9
2017,1,3028,,24,,112,,1246,,1646,,5139,,1097,,3580,,462,